href,items__added_at,items__added_by__external_urls__spotify,items__added_by__href,items__added_by__id,items__added_by__type,items__added_by__uri,items__is_local,items__primary_color,items__track__album__album_type,items__track__album__artists__external_urls__spotify,items__track__album__artists__href,items__track__album__artists__id,items__track__album__artists__name,items__track__album__artists__type,items__track__album__artists__uri,items__track__album__external_urls__spotify,items__track__album__href,items__track__album__id,items__track__album__images__height,items__track__album__images__url,items__track__album__images__width,items__track__album__name,items__track__album__release_date,items__track__album__release_date_precision,items__track__album__total_tracks,items__track__album__type,items__track__album__uri,items__track__artists__external_urls__spotify,items__track__artists__href,items__track__artists__id,items__track__artists__name,items__track__artists__type,items__track__artists__uri,items__track__disc_number,items__track__duration_ms,items__track__episode,items__track__explicit,items__track__external_ids__isrc,items__track__external_urls__spotify,items__track__href,items__track__id,items__track__is_local,items__track__is_playable,items__track__name,items__track__popularity,items__track__preview_url,items__track__track,items__track__track_number,items__track__type,items__track__uri,danceability,energy,key,loudness,mode,speechiness,acousticness,instrumentalness,liveness,valence,tempo,type,id,uri,track_href,analysis_url,duration_ms,time_signature
https://api.spotify.com/v1/playlists/2JJEduTL1yroIvnVwKjP53/tracks?offset=0&limit=30&market=US,2021-07-28T15:55:27Z,https://open.spotify.com/user/kolbigray,https://api.spotify.com/v1/users/kolbigray,kolbigray,user,spotify:user:kolbigray,FALSE,null,album,https://open.spotify.com/artist/4GcpBLY8g8NrmimWbssM26,https://api.spotify.com/v1/artists/4GcpBLY8g8NrmimWbssM26,4GcpBLY8g8NrmimWbssM26,Mndsgn,artist,spotify:artist:4GcpBLY8g8NrmimWbssM26,https://open.spotify.com/album/4ZwuqG7srOt86hMjF0o3No,https://api.spotify.com/v1/albums/4ZwuqG7srOt86hMjF0o3No,4ZwuqG7srOt86hMjF0o3No,640,https://i.scdn.co/image/ab67616d0000b27393476302cf7c829babc93827,640,Rare Pleasure,6/4/21,day,13,album,spotify:album:4ZwuqG7srOt86hMjF0o3No,https://open.spotify.com/artist/4GcpBLY8g8NrmimWbssM26,https://api.spotify.com/v1/artists/4GcpBLY8g8NrmimWbssM26,4GcpBLY8g8NrmimWbssM26,Mndsgn,artist,spotify:artist:4GcpBLY8g8NrmimWbssM26,1,275660,FALSE,FALSE,US2S72151004,https://open.spotify.com/track/4mO992FOUR5S6l7SzaWeay,https://api.spotify.com/v1/tracks/4mO992FOUR5S6l7SzaWeay,4mO992FOUR5S6l7SzaWeay,FALSE,TRUE,Hope You're Doin' Better,40,https://p.scdn.co/mp3-preview/9e22d6eac23d049c437ede2b8802978ec759f1c1?cid=774b29d4f13844c495f206cafdad9c86,TRUE,4,track,spotify:track:4mO992FOUR5S6l7SzaWeay,0.551,0.616,8,-8.161,0,0.0319,0.484,0.0821,0.314,0.423,157.991,audio_features,4mO992FOUR5S6l7SzaWeay,spotify:track:4mO992FOUR5S6l7SzaWeay,https://api.spotify.com/v1/tracks/4mO992FOUR5S6l7SzaWeay,https://api.spotify.com/v1/audio-analysis/4mO992FOUR5S6l7SzaWeay,275661,4
,2021-07-28T16:16:16Z,https://open.spotify.com/user/kolbigray,https://api.spotify.com/v1/users/kolbigray,kolbigray,user,spotify:user:kolbigray,FALSE,null,single,https://open.spotify.com/artist/4JqpJeNOhP6bAkolNMLwFg,https://api.spotify.com/v1/artists/4JqpJeNOhP6bAkolNMLwFg,4JqpJeNOhP6bAkolNMLwFg,Jean Deaux,artist,spotify:artist:4JqpJeNOhP6bAkolNMLwFg,https://open.spotify.com/album/0LXUCKAfv8QEUMZlJy0DpK,https://api.spotify.com/v1/albums/0LXUCKAfv8QEUMZlJy0DpK,0LXUCKAfv8QEUMZlJy0DpK,640,https://i.scdn.co/image/ab67616d0000b27333931c416eec4dd7682f8a1b,640,Wikipedia,9/14/17,day,1,album,spotify:album:0LXUCKAfv8QEUMZlJy0DpK,https://open.spotify.com/artist/4JqpJeNOhP6bAkolNMLwFg,https://api.spotify.com/v1/artists/4JqpJeNOhP6bAkolNMLwFg,4JqpJeNOhP6bAkolNMLwFg,Jean Deaux,artist,spotify:artist:4JqpJeNOhP6bAkolNMLwFg,1,199970,FALSE,TRUE,TCADG1775042,https://open.spotify.com/track/5ymQzQmUWJNIMlTUAldfVZ,https://api.spotify.com/v1/tracks/5ymQzQmUWJNIMlTUAldfVZ,5ymQzQmUWJNIMlTUAldfVZ,FALSE,TRUE,Wikipedia,39,https://p.scdn.co/mp3-preview/fae1e47b799873c7fe053ef55a2e93efe48c14bf?cid=774b29d4f13844c495f206cafdad9c86,TRUE,1,track,spotify:track:5ymQzQmUWJNIMlTUAldfVZ,0.771,0.462,11,-8.717,0,0.128,0.391,0.00000572,0.267,0.875,145.908,audio_features,5ymQzQmUWJNIMlTUAldfVZ,spotify:track:5ymQzQmUWJNIMlTUAldfVZ,https://api.spotify.com/v1/tracks/5ymQzQmUWJNIMlTUAldfVZ,https://api.spotify.com/v1/audio-analysis/5ymQzQmUWJNIMlTUAldfVZ,199970,4
,2021-07-09T19:55:39Z,https://open.spotify.com/user/kolbigray,https://api.spotify.com/v1/users/kolbigray,kolbigray,user,spotify:user:kolbigray,FALSE,null,album,https://open.spotify.com/artist/3JLUCojZaHrX2LaUkSj7Ud,https://api.spotify.com/v1/artists/3JLUCojZaHrX2LaUkSj7Ud,3JLUCojZaHrX2LaUkSj7Ud,Pharoah Sanders,artist,spotify:artist:3JLUCojZaHrX2LaUkSj7Ud,https://open.spotify.com/album/0orhXwlJ4LCfDwMYVAXsdW,https://api.spotify.com/v1/albums/0orhXwlJ4LCfDwMYVAXsdW,0orhXwlJ4LCfDwMYVAXsdW,640,https://i.scdn.co/image/ab67616d0000b2732c7f47ebba5f46d079ad2d6b,640,Love Will Find a Way (Expanded Edition),1/1/78,day,9,album,spotify:album:0orhXwlJ4LCfDwMYVAXsdW,https://open.spotify.com/artist/3JLUCojZaHrX2LaUkSj7Ud,https://api.spotify.com/v1/artists/3JLUCojZaHrX2LaUkSj7Ud,3JLUCojZaHrX2LaUkSj7Ud,Pharoah Sanders,artist,spotify:artist:3JLUCojZaHrX2LaUkSj7Ud,1,308986,FALSE,FALSE,USAR10500349,https://open.spotify.com/track/4szHa9dRhiy3tJ1Jf5jz2V,https://api.spotify.com/v1/tracks/4szHa9dRhiy3tJ1Jf5jz2V,4szHa9dRhiy3tJ1Jf5jz2V,FALSE,TRUE,As You Are (feat. Phyllis Hyman),24,https://p.scdn.co/mp3-preview/95a6d9d973cbd0196602a1991121fc35bf577de0?cid=774b29d4f13844c495f206cafdad9c86,TRUE,5,track,spotify:track:4szHa9dRhiy3tJ1Jf5jz2V,0.346,0.402,8,-11.295,0,0.0347,0.333,0.00167,0.58,0.237,128.908,audio_features,4szHa9dRhiy3tJ1Jf5jz2V,spotify:track:4szHa9dRhiy3tJ1Jf5jz2V,https://api.spotify.com/v1/tracks/4szHa9dRhiy3tJ1Jf5jz2V,https://api.spotify.com/v1/audio-analysis/4szHa9dRhiy3tJ1Jf5jz2V,308987,4
,2021-07-28T16:01:44Z,https://open.spotify.com/user/kolbigray,https://api.spotify.com/v1/users/kolbigray,kolbigray,user,spotify:user:kolbigray,FALSE,null,single,https://open.spotify.com/artist/0Pi3s9W42iTzuxDp7GKIfO,https://api.spotify.com/v1/artists/0Pi3s9W42iTzuxDp7GKIfO,0Pi3s9W42iTzuxDp7GKIfO,Yakul,artist,spotify:artist:0Pi3s9W42iTzuxDp7GKIfO,https://open.spotify.com/album/5E2d2k56eIryNPIK9Emndj,https://api.spotify.com/v1/albums/5E2d2k56eIryNPIK9Emndj,5E2d2k56eIryNPIK9Emndj,640,https://i.scdn.co/image/ab67616d0000b273822c98bebc760a209430a041,640,Getting Late,8/2/19,day,6,album,spotify:album:5E2d2k56eIryNPIK9Emndj,https://open.spotify.com/artist/0Pi3s9W42iTzuxDp7GKIfO,https://api.spotify.com/v1/artists/0Pi3s9W42iTzuxDp7GKIfO,0Pi3s9W42iTzuxDp7GKIfO,Yakul,artist,spotify:artist:0Pi3s9W42iTzuxDp7GKIfO,1,337000,FALSE,FALSE,GBKPL1956944,https://open.spotify.com/track/4XBoZTHcVRvMlbvX2kXSeq,https://api.spotify.com/v1/tracks/4XBoZTHcVRvMlbvX2kXSeq,4XBoZTHcVRvMlbvX2kXSeq,FALSE,TRUE,Past Tense,9,https://p.scdn.co/mp3-preview/d1e5787583134e223f89509def733de6be3d6e73?cid=774b29d4f13844c495f206cafdad9c86,TRUE,2,track,spotify:track:4XBoZTHcVRvMlbvX2kXSeq,0.23,0.59,8,-9.369,1,0.0418,0.0347,0.0000132,0.094,0.0937,89.835,audio_features,4XBoZTHcVRvMlbvX2kXSeq,spotify:track:4XBoZTHcVRvMlbvX2kXSeq,https://api.spotify.com/v1/tracks/4XBoZTHcVRvMlbvX2kXSeq,https://api.spotify.com/v1/audio-analysis/4XBoZTHcVRvMlbvX2kXSeq,337000,4
,2021-07-09T19:56:24Z,https://open.spotify.com/user/kolbigray,https://api.spotify.com/v1/users/kolbigray,kolbigray,user,spotify:user:kolbigray,FALSE,null,album,https://open.spotify.com/artist/60k4atxgEIMFz4DWHp0le1,https://api.spotify.com/v1/artists/60k4atxgEIMFz4DWHp0le1,60k4atxgEIMFz4DWHp0le1,Braxton Cook,artist,spotify:artist:60k4atxgEIMFz4DWHp0le1,https://open.spotify.com/album/5M47M4xgmcavF3V6vjsDhE,https://api.spotify.com/v1/albums/5M47M4xgmcavF3V6vjsDhE,5M47M4xgmcavF3V6vjsDhE,640,https://i.scdn.co/image/ab67616d0000b273d87ad04df38531b6f41a3cb9,640,Fire Sign,3/27/20,day,8,album,spotify:album:5M47M4xgmcavF3V6vjsDhE,https://open.spotify.com/artist/60k4atxgEIMFz4DWHp0le1,https://api.spotify.com/v1/artists/60k4atxgEIMFz4DWHp0le1,60k4atxgEIMFz4DWHp0le1,Braxton Cook,artist,spotify:artist:60k4atxgEIMFz4DWHp0le1,1,271095,FALSE,FALSE,TCAER2073286,https://open.spotify.com/track/4QsB4bG5dLSJvC7pHxWfDm,https://api.spotify.com/v1/tracks/4QsB4bG5dLSJvC7pHxWfDm,4QsB4bG5dLSJvC7pHxWfDm,FALSE,TRUE,Moonchild,23,https://p.scdn.co/mp3-preview/347210d11ec13f69c23872d7b56b86ac217b8b4a?cid=774b29d4f13844c495f206cafdad9c86,TRUE,1,track,spotify:track:4QsB4bG5dLSJvC7pHxWfDm,0.643,0.619,7,-5.75,1,0.0916,0.408,0.242,0.0988,0.506,148.058,audio_features,4QsB4bG5dLSJvC7pHxWfDm,spotify:track:4QsB4bG5dLSJvC7pHxWfDm,https://api.spotify.com/v1/tracks/4QsB4bG5dLSJvC7pHxWfDm,https://api.spotify.com/v1/audio-analysis/4QsB4bG5dLSJvC7pHxWfDm,271096,4
,2021-07-28T16:20:23Z,https://open.spotify.com/user/kolbigray,https://api.spotify.com/v1/users/kolbigray,kolbigray,user,spotify:user:kolbigray,FALSE,null,album,https://open.spotify.com/artist/45q5PZHs50HeLBDRgio4GQ,https://api.spotify.com/v1/artists/45q5PZHs50HeLBDRgio4GQ,45q5PZHs50HeLBDRgio4GQ,Graffiti6,artist,spotify:artist:45q5PZHs50HeLBDRgio4GQ,https://open.spotify.com/album/3D6lGMj6kw3tFzXpj4Yhwv,https://api.spotify.com/v1/albums/3D6lGMj6kw3tFzXpj4Yhwv,3D6lGMj6kw3tFzXpj4Yhwv,640,https://i.scdn.co/image/ab67616d0000b2730a95bf83518548e4de9513e5,640,Colours,2010,year,13,album,spotify:album:3D6lGMj6kw3tFzXpj4Yhwv,https://open.spotify.com/artist/45q5PZHs50HeLBDRgio4GQ,https://api.spotify.com/v1/artists/45q5PZHs50HeLBDRgio4GQ,45q5PZHs50HeLBDRgio4GQ,Graffiti6,artist,spotify:artist:45q5PZHs50HeLBDRgio4GQ,1,340915,FALSE,FALSE,USCA21102796,https://open.spotify.com/track/6hkK87dAKMH7X7oo60WtC4,https://api.spotify.com/v1/tracks/6hkK87dAKMH7X7oo60WtC4,6hkK87dAKMH7X7oo60WtC4,FALSE,TRUE,This Man,13,https://p.scdn.co/mp3-preview/69edd39b0d8fed25e19818a2f0e604d61eea2574?cid=774b29d4f13844c495f206cafdad9c86,TRUE,4,track,spotify:track:6hkK87dAKMH7X7oo60WtC4,0.414,0.72,11,-6.149,0,0.0561,0.0215,0.0948,0.341,0.471,135.67,audio_features,6hkK87dAKMH7X7oo60WtC4,spotify:track:6hkK87dAKMH7X7oo60WtC4,https://api.spotify.com/v1/tracks/6hkK87dAKMH7X7oo60WtC4,https://api.spotify.com/v1/audio-analysis/6hkK87dAKMH7X7oo60WtC4,340915,4
,2021-07-28T16:23:13Z,https://open.spotify.com/user/kolbigray,https://api.spotify.com/v1/users/kolbigray,kolbigray,user,spotify:user:kolbigray,FALSE,null,album,https://open.spotify.com/artist/1fUMEn4Yk7ZUloozE0fRLL,https://api.spotify.com/v1/artists/1fUMEn4Yk7ZUloozE0fRLL,1fUMEn4Yk7ZUloozE0fRLL,Jamie Woon,artist,spotify:artist:1fUMEn4Yk7ZUloozE0fRLL,https://open.spotify.com/album/6ITNDvsL7pS6nv93kwHgwq,https://api.spotify.com/v1/albums/6ITNDvsL7pS6nv93kwHgwq,6ITNDvsL7pS6nv93kwHgwq,640,https://i.scdn.co/image/ab67616d0000b273324bea71a32e892c312eaa84,640,Making Time,10/30/15,day,10,album,spotify:album:6ITNDvsL7pS6nv93kwHgwq,https://open.spotify.com/artist/1fUMEn4Yk7ZUloozE0fRLL,https://api.spotify.com/v1/artists/1fUMEn4Yk7ZUloozE0fRLL,1fUMEn4Yk7ZUloozE0fRLL,Jamie Woon,artist,spotify:artist:1fUMEn4Yk7ZUloozE0fRLL,1,207133,FALSE,FALSE,GBUM71504053,https://open.spotify.com/track/2dk5HQv2V6hEVeGGlPvCFA,https://api.spotify.com/v1/tracks/2dk5HQv2V6hEVeGGlPvCFA,2dk5HQv2V6hEVeGGlPvCFA,FALSE,TRUE,Sharpness,53,https://p.scdn.co/mp3-preview/516a921247933b9969e7560e08c2bdc45342a2b9?cid=774b29d4f13844c495f206cafdad9c86,TRUE,3,track,spotify:track:2dk5HQv2V6hEVeGGlPvCFA,0.849,0.583,6,-7.865,0,0.0565,0.259,0.167,0.102,0.666,98.011,audio_features,2dk5HQv2V6hEVeGGlPvCFA,spotify:track:2dk5HQv2V6hEVeGGlPvCFA,https://api.spotify.com/v1/tracks/2dk5HQv2V6hEVeGGlPvCFA,https://api.spotify.com/v1/audio-analysis/2dk5HQv2V6hEVeGGlPvCFA,207133,4
,2021-07-09T19:59:19Z,https://open.spotify.com/user/kolbigray,https://api.spotify.com/v1/users/kolbigray,kolbigray,user,spotify:user:kolbigray,FALSE,null,single,https://open.spotify.com/artist/0oXcSv2sZaRTblkhsDHnba,https://api.spotify.com/v1/artists/0oXcSv2sZaRTblkhsDHnba,0oXcSv2sZaRTblkhsDHnba,Àbáse,artist,spotify:artist:0oXcSv2sZaRTblkhsDHnba,https://open.spotify.com/album/1GAubt9AgQo4i9cSNPH4So,https://api.spotify.com/v1/albums/1GAubt9AgQo4i9cSNPH4So,1GAubt9AgQo4i9cSNPH4So,640,https://i.scdn.co/image/ab67616d0000b2737b3b2c4ed32ecad5f9cdcd5f,640,Slow It Down,9/9/20,day,2,album,spotify:album:1GAubt9AgQo4i9cSNPH4So,https://open.spotify.com/artist/0oXcSv2sZaRTblkhsDHnba,https://api.spotify.com/v1/artists/0oXcSv2sZaRTblkhsDHnba,0oXcSv2sZaRTblkhsDHnba,Àbáse,artist,spotify:artist:0oXcSv2sZaRTblkhsDHnba,1,187651,FALSE,FALSE,GBKPL2014315,https://open.spotify.com/track/4hixQjNyyJVjFg1GNBhr4Q,https://api.spotify.com/v1/tracks/4hixQjNyyJVjFg1GNBhr4Q,4hixQjNyyJVjFg1GNBhr4Q,FALSE,TRUE,Slow It Down - WaTa Remix,31,https://p.scdn.co/mp3-preview/0fd002702e482e3a68188a24c9e36d8737ff888c?cid=774b29d4f13844c495f206cafdad9c86,TRUE,1,track,spotify:track:4hixQjNyyJVjFg1GNBhr4Q,0.705,0.659,10,-10.364,0,0.267,0.00281,0,0.0919,0.716,109.969,audio_features,4hixQjNyyJVjFg1GNBhr4Q,spotify:track:4hixQjNyyJVjFg1GNBhr4Q,https://api.spotify.com/v1/tracks/4hixQjNyyJVjFg1GNBhr4Q,https://api.spotify.com/v1/audio-analysis/4hixQjNyyJVjFg1GNBhr4Q,187651,4
,2021-07-28T15:54:19Z,https://open.spotify.com/user/kolbigray,https://api.spotify.com/v1/users/kolbigray,kolbigray,user,spotify:user:kolbigray,FALSE,null,single,https://open.spotify.com/artist/4YLUMAgNyttwx4hUHgtBtR,https://api.spotify.com/v1/artists/4YLUMAgNyttwx4hUHgtBtR,4YLUMAgNyttwx4hUHgtBtR,Blue Lab Beats,artist,spotify:artist:4YLUMAgNyttwx4hUHgtBtR,https://open.spotify.com/album/6Wq6nQZP24QbCrlLuM61vm,https://api.spotify.com/v1/albums/6Wq6nQZP24QbCrlLuM61vm,6Wq6nQZP24QbCrlLuM61vm,640,https://i.scdn.co/image/ab67616d0000b273756215017bb7925a947fb3fd,640,Sensual Loving,7/22/21,day,1,album,spotify:album:6Wq6nQZP24QbCrlLuM61vm,https://open.spotify.com/artist/4YLUMAgNyttwx4hUHgtBtR,https://api.spotify.com/v1/artists/4YLUMAgNyttwx4hUHgtBtR,4YLUMAgNyttwx4hUHgtBtR,Blue Lab Beats,artist,spotify:artist:4YLUMAgNyttwx4hUHgtBtR,1,172943,FALSE,FALSE,UKJLR1700316,https://open.spotify.com/track/6Kifb1yWQg8BmM4QdgLwiv,https://api.spotify.com/v1/tracks/6Kifb1yWQg8BmM4QdgLwiv,6Kifb1yWQg8BmM4QdgLwiv,FALSE,TRUE,Sensual Loving,39,https://p.scdn.co/mp3-preview/13a54f684fd137c703e593237f6cac98b9ffc4bd?cid=774b29d4f13844c495f206cafdad9c86,TRUE,1,track,spotify:track:6Kifb1yWQg8BmM4QdgLwiv,0.685,0.867,1,-4.754,1,0.0946,0.0681,0.0000182,0.319,0.666,106.976,audio_features,6Kifb1yWQg8BmM4QdgLwiv,spotify:track:6Kifb1yWQg8BmM4QdgLwiv,https://api.spotify.com/v1/tracks/6Kifb1yWQg8BmM4QdgLwiv,https://api.spotify.com/v1/audio-analysis/6Kifb1yWQg8BmM4QdgLwiv,172944,4
,2021-07-09T19:56:13Z,https://open.spotify.com/user/kolbigray,https://api.spotify.com/v1/users/kolbigray,kolbigray,user,spotify:user:kolbigray,FALSE,null,single,https://open.spotify.com/artist/1b94FVTCNMq9gU78ByW6iY,https://api.spotify.com/v1/artists/1b94FVTCNMq9gU78ByW6iY,1b94FVTCNMq9gU78ByW6iY,Close Counters,artist,spotify:artist:1b94FVTCNMq9gU78ByW6iY,https://open.spotify.com/album/7LfLOEaMlAzhMy4rx8wOgq,https://api.spotify.com/v1/albums/7LfLOEaMlAzhMy4rx8wOgq,7LfLOEaMlAzhMy4rx8wOgq,640,https://i.scdn.co/image/ab67616d0000b2739fa5fb8935b9df006a30a2b0,640,SOMETHING IN MY DRINK,3/26/21,day,1,album,spotify:album:7LfLOEaMlAzhMy4rx8wOgq,https://open.spotify.com/artist/1b94FVTCNMq9gU78ByW6iY,https://api.spotify.com/v1/artists/1b94FVTCNMq9gU78ByW6iY,1b94FVTCNMq9gU78ByW6iY,Close Counters,artist,spotify:artist:1b94FVTCNMq9gU78ByW6iY,1,254119,FALSE,FALSE,FR2X42129975,https://open.spotify.com/track/5TpkrXTKfV5cvpIbLFI43C,https://api.spotify.com/v1/tracks/5TpkrXTKfV5cvpIbLFI43C,5TpkrXTKfV5cvpIbLFI43C,FALSE,TRUE,SOMETHING IN MY DRINK,27,https://p.scdn.co/mp3-preview/80e6dceb15d0d030441b8e42201f2cb8d8cd99cc?cid=774b29d4f13844c495f206cafdad9c86,TRUE,1,track,spotify:track:5TpkrXTKfV5cvpIbLFI43C,0.635,0.675,1,-8.894,1,0.178,0.0839,0.249,0.0964,0.653,121.84,audio_features,5TpkrXTKfV5cvpIbLFI43C,spotify:track:5TpkrXTKfV5cvpIbLFI43C,https://api.spotify.com/v1/tracks/5TpkrXTKfV5cvpIbLFI43C,https://api.spotify.com/v1/audio-analysis/5TpkrXTKfV5cvpIbLFI43C,254119,4
,2021-07-09T19:56:07Z,https://open.spotify.com/user/kolbigray,https://api.spotify.com/v1/users/kolbigray,kolbigray,user,spotify:user:kolbigray,FALSE,null,album,https://open.spotify.com/artist/6hJtgCB3L5cnJSND7sp6GU,https://api.spotify.com/v1/artists/6hJtgCB3L5cnJSND7sp6GU,6hJtgCB3L5cnJSND7sp6GU,Dam Swindle,artist,spotify:artist:6hJtgCB3L5cnJSND7sp6GU,https://open.spotify.com/album/6JMceOsAz0CRAfAnUaWgmo,https://api.spotify.com/v1/albums/6JMceOsAz0CRAfAnUaWgmo,6JMceOsAz0CRAfAnUaWgmo,640,https://i.scdn.co/image/ab67616d0000b273bd4b15df50c73e4725e956f8,640,High Life,5/28/18,day,10,album,spotify:album:6JMceOsAz0CRAfAnUaWgmo,https://open.spotify.com/artist/6hJtgCB3L5cnJSND7sp6GU,https://api.spotify.com/v1/artists/6hJtgCB3L5cnJSND7sp6GU,6hJtgCB3L5cnJSND7sp6GU,Dam Swindle,artist,spotify:artist:6hJtgCB3L5cnJSND7sp6GU,1,256648,FALSE,FALSE,NLYV51800019,https://open.spotify.com/track/24X8TERpSXuZfAJj7rijeg,https://api.spotify.com/v1/tracks/24X8TERpSXuZfAJj7rijeg,24X8TERpSXuZfAJj7rijeg,FALSE,TRUE,The Girl from Shiraz,27,https://p.scdn.co/mp3-preview/66a60c309e8a5d2a9d0b7d64d7e6445fcee45419?cid=774b29d4f13844c495f206cafdad9c86,TRUE,5,track,spotify:track:24X8TERpSXuZfAJj7rijeg,0.467,0.0956,8,-18.232,1,0.0328,0.969,0.788,0.2,0.0964,114.951,audio_features,24X8TERpSXuZfAJj7rijeg,spotify:track:24X8TERpSXuZfAJj7rijeg,https://api.spotify.com/v1/tracks/24X8TERpSXuZfAJj7rijeg,https://api.spotify.com/v1/audio-analysis/24X8TERpSXuZfAJj7rijeg,256648,3
,2021-07-09T19:56:16Z,https://open.spotify.com/user/kolbigray,https://api.spotify.com/v1/users/kolbigray,kolbigray,user,spotify:user:kolbigray,FALSE,null,album,https://open.spotify.com/artist/1ghxd86r7phiK0vgytiGkh,https://api.spotify.com/v1/artists/1ghxd86r7phiK0vgytiGkh,1ghxd86r7phiK0vgytiGkh,Play Nice,artist,spotify:artist:1ghxd86r7phiK0vgytiGkh,https://open.spotify.com/album/5HVCOmfEypAFVDbUatTywe,https://api.spotify.com/v1/albums/5HVCOmfEypAFVDbUatTywe,5HVCOmfEypAFVDbUatTywe,640,https://i.scdn.co/image/ab67616d0000b273cfa1411e34adbb9cd844d85f,640,Home Buddies,7/23/20,day,20,album,spotify:album:5HVCOmfEypAFVDbUatTywe,https://open.spotify.com/artist/1ghxd86r7phiK0vgytiGkh,https://api.spotify.com/v1/artists/1ghxd86r7phiK0vgytiGkh,1ghxd86r7phiK0vgytiGkh,Play Nice,artist,spotify:artist:1ghxd86r7phiK0vgytiGkh,1,181310,FALSE,TRUE,QM24S2005435,https://open.spotify.com/track/1PV9qkFmu0xu7dmlJMlD9q,https://api.spotify.com/v1/tracks/1PV9qkFmu0xu7dmlJMlD9q,1PV9qkFmu0xu7dmlJMlD9q,FALSE,TRUE,Myself,31,https://p.scdn.co/mp3-preview/bfe1079db5981903a94f52e721cfc5549553b840?cid=774b29d4f13844c495f206cafdad9c86,TRUE,6,track,spotify:track:1PV9qkFmu0xu7dmlJMlD9q,0.677,0.645,5,-5.297,0,0.0838,0.128,0.00014,0.133,0.576,73.061,audio_features,1PV9qkFmu0xu7dmlJMlD9q,spotify:track:1PV9qkFmu0xu7dmlJMlD9q,https://api.spotify.com/v1/tracks/1PV9qkFmu0xu7dmlJMlD9q,https://api.spotify.com/v1/audio-analysis/1PV9qkFmu0xu7dmlJMlD9q,181310,4
,2021-07-28T16:28:03Z,https://open.spotify.com/user/kolbigray,https://api.spotify.com/v1/users/kolbigray,kolbigray,user,spotify:user:kolbigray,FALSE,null,compilation,https://open.spotify.com/artist/09hVIj6vWgoCDtT03h8ZCa,https://api.spotify.com/v1/artists/09hVIj6vWgoCDtT03h8ZCa,09hVIj6vWgoCDtT03h8ZCa,A Tribe Called Quest,artist,spotify:artist:09hVIj6vWgoCDtT03h8ZCa,https://open.spotify.com/album/3FAK4h4t9uV4JxzESXllAU,https://api.spotify.com/v1/albums/3FAK4h4t9uV4JxzESXllAU,3FAK4h4t9uV4JxzESXllAU,640,https://i.scdn.co/image/ab67616d0000b273b1ddb9f5f519e0d37bc94a53,640,The Anthology,10/26/99,day,19,album,spotify:album:3FAK4h4t9uV4JxzESXllAU,https://open.spotify.com/artist/09hVIj6vWgoCDtT03h8ZCa,https://api.spotify.com/v1/artists/09hVIj6vWgoCDtT03h8ZCa,09hVIj6vWgoCDtT03h8ZCa,A Tribe Called Quest,artist,spotify:artist:09hVIj6vWgoCDtT03h8ZCa,1,226133,FALSE,FALSE,USJI19300020,https://open.spotify.com/track/0eEXcw3JLVXcRxYrVYMy68,https://api.spotify.com/v1/tracks/0eEXcw3JLVXcRxYrVYMy68,0eEXcw3JLVXcRxYrVYMy68,FALSE,TRUE,Electric Relaxation,66,https://p.scdn.co/mp3-preview/01950f7c36f294494f677b7d9ea571a57ac06dba?cid=774b29d4f13844c495f206cafdad9c86,TRUE,8,track,spotify:track:0eEXcw3JLVXcRxYrVYMy68,0.866,0.534,11,-9.201,1,0.229,0.184,0.266,0.0929,0.841,98.243,audio_features,0eEXcw3JLVXcRxYrVYMy68,spotify:track:0eEXcw3JLVXcRxYrVYMy68,https://api.spotify.com/v1/tracks/0eEXcw3JLVXcRxYrVYMy68,https://api.spotify.com/v1/audio-analysis/0eEXcw3JLVXcRxYrVYMy68,226133,4
,2021-07-09T19:57:00Z,https://open.spotify.com/user/kolbigray,https://api.spotify.com/v1/users/kolbigray,kolbigray,user,spotify:user:kolbigray,FALSE,null,album,https://open.spotify.com/artist/1BlBZ9jQGOjmj6Zykgg43L,https://api.spotify.com/v1/artists/1BlBZ9jQGOjmj6Zykgg43L,1BlBZ9jQGOjmj6Zykgg43L,4hero,artist,spotify:artist:1BlBZ9jQGOjmj6Zykgg43L,https://open.spotify.com/album/2dAOr4Nm9aTH0BuU2JTtxV,https://api.spotify.com/v1/albums/2dAOr4Nm9aTH0BuU2JTtxV,2dAOr4Nm9aTH0BuU2JTtxV,640,https://i.scdn.co/image/ab67616d0000b27377198d17d9266b16581c2ad9,640,Creating Patterns,1/1/01,day,13,album,spotify:album:2dAOr4Nm9aTH0BuU2JTtxV,https://open.spotify.com/artist/1BlBZ9jQGOjmj6Zykgg43L,https://api.spotify.com/v1/artists/1BlBZ9jQGOjmj6Zykgg43L,1BlBZ9jQGOjmj6Zykgg43L,4hero,artist,spotify:artist:1BlBZ9jQGOjmj6Zykgg43L,1,297573,FALSE,FALSE,GBF080100183,https://open.spotify.com/track/5bUeN1bZKkmP4SJb0aft8B,https://api.spotify.com/v1/tracks/5bUeN1bZKkmP4SJb0aft8B,5bUeN1bZKkmP4SJb0aft8B,FALSE,TRUE,Another Day,28,https://p.scdn.co/mp3-preview/e7a50e182884bc992760f246a0f95b9d8181c35e?cid=774b29d4f13844c495f206cafdad9c86,TRUE,5,track,spotify:track:5bUeN1bZKkmP4SJb0aft8B,0.631,0.528,10,-10.044,0,0.0923,0.283,0.0000293,0.205,0.539,150.448,audio_features,5bUeN1bZKkmP4SJb0aft8B,spotify:track:5bUeN1bZKkmP4SJb0aft8B,https://api.spotify.com/v1/tracks/5bUeN1bZKkmP4SJb0aft8B,https://api.spotify.com/v1/audio-analysis/5bUeN1bZKkmP4SJb0aft8B,297573,4
,2021-07-09T19:57:03Z,https://open.spotify.com/user/kolbigray,https://api.spotify.com/v1/users/kolbigray,kolbigray,user,spotify:user:kolbigray,FALSE,null,album,https://open.spotify.com/artist/0aavHBWTe9ng2jWfnnQ0hp,https://api.spotify.com/v1/artists/0aavHBWTe9ng2jWfnnQ0hp,0aavHBWTe9ng2jWfnnQ0hp,Don Blackman,artist,spotify:artist:0aavHBWTe9ng2jWfnnQ0hp,https://open.spotify.com/album/39huRrbAe12vo3BlAeX1QG,https://api.spotify.com/v1/albums/39huRrbAe12vo3BlAeX1QG,39huRrbAe12vo3BlAeX1QG,640,https://i.scdn.co/image/ab67616d0000b273443b9227d04fe9691b5f8245,640,Don Blackman,1/1/82,day,8,album,spotify:album:39huRrbAe12vo3BlAeX1QG,https://open.spotify.com/artist/0aavHBWTe9ng2jWfnnQ0hp,https://api.spotify.com/v1/artists/0aavHBWTe9ng2jWfnnQ0hp,0aavHBWTe9ng2jWfnnQ0hp,Don Blackman,artist,spotify:artist:0aavHBWTe9ng2jWfnnQ0hp,1,254280,FALSE,FALSE,USAR19901214,https://open.spotify.com/track/5Jgj5Yo5deJ2RPlixBm88u,https://api.spotify.com/v1/tracks/5Jgj5Yo5deJ2RPlixBm88u,5Jgj5Yo5deJ2RPlixBm88u,FALSE,TRUE,"Holding You, Loving You",36,https://p.scdn.co/mp3-preview/3193c0bd975ebff408f97b3213a66d772747d558?cid=774b29d4f13844c495f206cafdad9c86,TRUE,3,track,spotify:track:5Jgj5Yo5deJ2RPlixBm88u,0.585,0.476,10,-13.097,0,0.0721,0.307,0.000123,0.16,0.459,78.898,audio_features,5Jgj5Yo5deJ2RPlixBm88u,spotify:track:5Jgj5Yo5deJ2RPlixBm88u,https://api.spotify.com/v1/tracks/5Jgj5Yo5deJ2RPlixBm88u,https://api.spotify.com/v1/audio-analysis/5Jgj5Yo5deJ2RPlixBm88u,254280,4
,2021-07-28T16:01:09Z,https://open.spotify.com/user/kolbigray,https://api.spotify.com/v1/users/kolbigray,kolbigray,user,spotify:user:kolbigray,FALSE,null,single,https://open.spotify.com/artist/5ZvCpVAckM5gWTM5HYgSFb,https://api.spotify.com/v1/artists/5ZvCpVAckM5gWTM5HYgSFb,5ZvCpVAckM5gWTM5HYgSFb,Rose Gold,artist,spotify:artist:5ZvCpVAckM5gWTM5HYgSFb,https://open.spotify.com/album/5nZvgZXT6T6FDsU9Od8GgZ,https://api.spotify.com/v1/albums/5nZvgZXT6T6FDsU9Od8GgZ,5nZvgZXT6T6FDsU9Od8GgZ,640,https://i.scdn.co/image/ab67616d0000b2736197fd969681eaff9e27b383,640,Soon As You Get Home,10/15/20,day,1,album,spotify:album:5nZvgZXT6T6FDsU9Od8GgZ,https://open.spotify.com/artist/5ZvCpVAckM5gWTM5HYgSFb,https://api.spotify.com/v1/artists/5ZvCpVAckM5gWTM5HYgSFb,5ZvCpVAckM5gWTM5HYgSFb,Rose Gold,artist,spotify:artist:5ZvCpVAckM5gWTM5HYgSFb,1,203875,FALSE,TRUE,QM24S2009235,https://open.spotify.com/track/5ExFxAyPteU3tWy7VLDjX8,https://api.spotify.com/v1/tracks/5ExFxAyPteU3tWy7VLDjX8,5ExFxAyPteU3tWy7VLDjX8,FALSE,TRUE,Soon As You Get Home,33,https://p.scdn.co/mp3-preview/114e648b57b8f03333a0716d597b6a4ee9eb6ee0?cid=774b29d4f13844c495f206cafdad9c86,TRUE,1,track,spotify:track:5ExFxAyPteU3tWy7VLDjX8,0.455,0.356,7,-13.084,1,0.109,0.766,0.0000367,0.0961,0.205,82.826,audio_features,5ExFxAyPteU3tWy7VLDjX8,spotify:track:5ExFxAyPteU3tWy7VLDjX8,https://api.spotify.com/v1/tracks/5ExFxAyPteU3tWy7VLDjX8,https://api.spotify.com/v1/audio-analysis/5ExFxAyPteU3tWy7VLDjX8,203875,4
,2021-07-09T19:57:05Z,https://open.spotify.com/user/kolbigray,https://api.spotify.com/v1/users/kolbigray,kolbigray,user,spotify:user:kolbigray,FALSE,null,album,https://open.spotify.com/artist/1Goe2NezNnym45kco2xTk6,https://api.spotify.com/v1/artists/1Goe2NezNnym45kco2xTk6,1Goe2NezNnym45kco2xTk6,Nick Hakim,artist,spotify:artist:1Goe2NezNnym45kco2xTk6,https://open.spotify.com/album/5wHIOaV0DXf73kL7i5blmM,https://api.spotify.com/v1/albums/5wHIOaV0DXf73kL7i5blmM,5wHIOaV0DXf73kL7i5blmM,640,https://i.scdn.co/image/ab67616d0000b273a9ff12ef64b31c218c68ceca,640,WILL THIS MAKE ME GOOD,5/15/20,day,12,album,spotify:album:5wHIOaV0DXf73kL7i5blmM,https://open.spotify.com/artist/1Goe2NezNnym45kco2xTk6,https://api.spotify.com/v1/artists/1Goe2NezNnym45kco2xTk6,1Goe2NezNnym45kco2xTk6,Nick Hakim,artist,spotify:artist:1Goe2NezNnym45kco2xTk6,1,304732,FALSE,FALSE,USATO1900240,https://open.spotify.com/track/7ij2RLcxyzvCFYoZC5g5FJ,https://api.spotify.com/v1/tracks/7ij2RLcxyzvCFYoZC5g5FJ,7ij2RLcxyzvCFYoZC5g5FJ,FALSE,TRUE,WHOO,27,https://p.scdn.co/mp3-preview/146da0b46db2131b8300dfb1bce4a46c7ec0b67f?cid=774b29d4f13844c495f206cafdad9c86,TRUE,12,track,spotify:track:7ij2RLcxyzvCFYoZC5g5FJ,0.522,0.687,7,-7.647,1,0.159,0.36,0.563,0.0879,0.296,160.016,audio_features,7ij2RLcxyzvCFYoZC5g5FJ,spotify:track:7ij2RLcxyzvCFYoZC5g5FJ,https://api.spotify.com/v1/tracks/7ij2RLcxyzvCFYoZC5g5FJ,https://api.spotify.com/v1/audio-analysis/7ij2RLcxyzvCFYoZC5g5FJ,304733,3
,2021-07-09T19:57:53Z,https://open.spotify.com/user/kolbigray,https://api.spotify.com/v1/users/kolbigray,kolbigray,user,spotify:user:kolbigray,FALSE,null,album,https://open.spotify.com/artist/4k7KKAyXbpBKe0iziD7c2P,https://api.spotify.com/v1/artists/4k7KKAyXbpBKe0iziD7c2P,4k7KKAyXbpBKe0iziD7c2P,Beatchild,artist,spotify:artist:4k7KKAyXbpBKe0iziD7c2P,https://open.spotify.com/album/3DjMEGoq8EuI6LYgOUr9Si,https://api.spotify.com/v1/albums/3DjMEGoq8EuI6LYgOUr9Si,3DjMEGoq8EuI6LYgOUr9Si,640,https://i.scdn.co/image/ab67616d0000b273de999e51572c1235eeac7eea,640,Nostalgia: Beats of 2008 - 2020,1/29/21,day,21,album,spotify:album:3DjMEGoq8EuI6LYgOUr9Si,https://open.spotify.com/artist/4k7KKAyXbpBKe0iziD7c2P,https://api.spotify.com/v1/artists/4k7KKAyXbpBKe0iziD7c2P,4k7KKAyXbpBKe0iziD7c2P,Beatchild,artist,spotify:artist:4k7KKAyXbpBKe0iziD7c2P,1,249675,FALSE,FALSE,GBEQT2000257,https://open.spotify.com/track/5jr4qsddnCeVdmYVEoYrmF,https://api.spotify.com/v1/tracks/5jr4qsddnCeVdmYVEoYrmF,5jr4qsddnCeVdmYVEoYrmF,FALSE,TRUE,Midnight Hustle,12,https://p.scdn.co/mp3-preview/11c1c3a9561abbb715beaf8186cb445ab65e5713?cid=774b29d4f13844c495f206cafdad9c86,TRUE,19,track,spotify:track:5jr4qsddnCeVdmYVEoYrmF,0.731,0.522,10,-6.749,0,0.0754,0.295,0.734,0.08,0.336,95.024,audio_features,5jr4qsddnCeVdmYVEoYrmF,spotify:track:5jr4qsddnCeVdmYVEoYrmF,https://api.spotify.com/v1/tracks/5jr4qsddnCeVdmYVEoYrmF,https://api.spotify.com/v1/audio-analysis/5jr4qsddnCeVdmYVEoYrmF,249675,4
,2021-07-28T15:55:46Z,https://open.spotify.com/user/kolbigray,https://api.spotify.com/v1/users/kolbigray,kolbigray,user,spotify:user:kolbigray,FALSE,null,album,https://open.spotify.com/artist/4Dj6yFk1Y4v6J4jZyhtrZ7,https://api.spotify.com/v1/artists/4Dj6yFk1Y4v6J4jZyhtrZ7,4Dj6yFk1Y4v6J4jZyhtrZ7,Emanuel,artist,spotify:artist:4Dj6yFk1Y4v6J4jZyhtrZ7,https://open.spotify.com/album/7i7lf1MtvCeufUlN6iJGXl,https://api.spotify.com/v1/albums/7i7lf1MtvCeufUlN6iJGXl,7i7lf1MtvCeufUlN6iJGXl,640,https://i.scdn.co/image/ab67616d0000b27344115ecffbad59bc2f866f98,640,Alt Therapy,6/16/21,day,12,album,spotify:album:7i7lf1MtvCeufUlN6iJGXl,https://open.spotify.com/artist/4Dj6yFk1Y4v6J4jZyhtrZ7,https://api.spotify.com/v1/artists/4Dj6yFk1Y4v6J4jZyhtrZ7,4Dj6yFk1Y4v6J4jZyhtrZ7,Emanuel,artist,spotify:artist:4Dj6yFk1Y4v6J4jZyhtrZ7,1,244783,FALSE,TRUE,CAUM72100148,https://open.spotify.com/track/5W8wRrlABmYv0Rlz0GzJd7,https://api.spotify.com/v1/tracks/5W8wRrlABmYv0Rlz0GzJd7,5W8wRrlABmYv0Rlz0GzJd7,FALSE,TRUE,Worldwide,51,https://p.scdn.co/mp3-preview/35fb95835239877cbf211e9dd7cc955963ac48fe?cid=774b29d4f13844c495f206cafdad9c86,TRUE,11,track,spotify:track:5W8wRrlABmYv0Rlz0GzJd7,0.41,0.439,1,-3.789,0,0.0353,0.273,0.00154,0.0595,0.32,144.045,audio_features,5W8wRrlABmYv0Rlz0GzJd7,spotify:track:5W8wRrlABmYv0Rlz0GzJd7,https://api.spotify.com/v1/tracks/5W8wRrlABmYv0Rlz0GzJd7,https://api.spotify.com/v1/audio-analysis/5W8wRrlABmYv0Rlz0GzJd7,244783,4
,2021-07-28T15:54:58Z,https://open.spotify.com/user/kolbigray,https://api.spotify.com/v1/users/kolbigray,kolbigray,user,spotify:user:kolbigray,FALSE,null,album,https://open.spotify.com/artist/5FuFC5tiYFDxVJQVupJ6Zt,https://api.spotify.com/v1/artists/5FuFC5tiYFDxVJQVupJ6Zt,5FuFC5tiYFDxVJQVupJ6Zt,GINGE,artist,spotify:artist:5FuFC5tiYFDxVJQVupJ6Zt,https://open.spotify.com/album/3mPwQso7Zs9CKNatbpPISq,https://api.spotify.com/v1/albums/3mPwQso7Zs9CKNatbpPISq,3mPwQso7Zs9CKNatbpPISq,640,https://i.scdn.co/image/ab67616d0000b27308738e15224ebadea46ac802,640,Belly,6/25/21,day,8,album,spotify:album:3mPwQso7Zs9CKNatbpPISq,https://open.spotify.com/artist/5FuFC5tiYFDxVJQVupJ6Zt,https://api.spotify.com/v1/artists/5FuFC5tiYFDxVJQVupJ6Zt,5FuFC5tiYFDxVJQVupJ6Zt,GINGE,artist,spotify:artist:5FuFC5tiYFDxVJQVupJ6Zt,1,203000,FALSE,FALSE,QM6P42131938,https://open.spotify.com/track/3q2JN3zwZaXSR73ClVihXx,https://api.spotify.com/v1/tracks/3q2JN3zwZaXSR73ClVihXx,3q2JN3zwZaXSR73ClVihXx,FALSE,TRUE,Stop Calling,16,https://p.scdn.co/mp3-preview/21901c506dcae551c21c8b054352b7223ab48ef5?cid=774b29d4f13844c495f206cafdad9c86,TRUE,6,track,spotify:track:3q2JN3zwZaXSR73ClVihXx,0.789,0.382,9,-7.081,0,0.285,0.653,0,0.191,0.515,93.087,audio_features,3q2JN3zwZaXSR73ClVihXx,spotify:track:3q2JN3zwZaXSR73ClVihXx,https://api.spotify.com/v1/tracks/3q2JN3zwZaXSR73ClVihXx,https://api.spotify.com/v1/audio-analysis/3q2JN3zwZaXSR73ClVihXx,203000,4
,2021-07-09T19:56:49Z,https://open.spotify.com/user/kolbigray,https://api.spotify.com/v1/users/kolbigray,kolbigray,user,spotify:user:kolbigray,FALSE,null,single,https://open.spotify.com/artist/4pcfFC9isxezJyTwbV1nIp,https://api.spotify.com/v1/artists/4pcfFC9isxezJyTwbV1nIp,4pcfFC9isxezJyTwbV1nIp,Melanie Faye,artist,spotify:artist:4pcfFC9isxezJyTwbV1nIp,https://open.spotify.com/album/7xoKAS8YKaD85hP4FjOKyL,https://api.spotify.com/v1/albums/7xoKAS8YKaD85hP4FjOKyL,7xoKAS8YKaD85hP4FjOKyL,640,https://i.scdn.co/image/ab67616d0000b273cec39f20ed1c35e7b5fed956,640,It's a Moot Point,3/17/20,day,1,album,spotify:album:7xoKAS8YKaD85hP4FjOKyL,https://open.spotify.com/artist/4pcfFC9isxezJyTwbV1nIp,https://api.spotify.com/v1/artists/4pcfFC9isxezJyTwbV1nIp,4pcfFC9isxezJyTwbV1nIp,Melanie Faye,artist,spotify:artist:4pcfFC9isxezJyTwbV1nIp,1,242000,FALSE,FALSE,QM4TX2020396,https://open.spotify.com/track/3Rl8k5Daz5w5zHYSJz5lHA,https://api.spotify.com/v1/tracks/3Rl8k5Daz5w5zHYSJz5lHA,3Rl8k5Daz5w5zHYSJz5lHA,FALSE,TRUE,It's a Moot Point,48,https://p.scdn.co/mp3-preview/04c79dafc56d9847f20b336c9706ea27ccf359ac?cid=774b29d4f13844c495f206cafdad9c86,TRUE,1,track,spotify:track:3Rl8k5Daz5w5zHYSJz5lHA,0.7,0.66,6,-6.642,1,0.0796,0.221,0.0216,0.0886,0.696,150.028,audio_features,3Rl8k5Daz5w5zHYSJz5lHA,spotify:track:3Rl8k5Daz5w5zHYSJz5lHA,https://api.spotify.com/v1/tracks/3Rl8k5Daz5w5zHYSJz5lHA,https://api.spotify.com/v1/audio-analysis/3Rl8k5Daz5w5zHYSJz5lHA,242000,4
,2021-07-28T16:32:10Z,https://open.spotify.com/user/kolbigray,https://api.spotify.com/v1/users/kolbigray,kolbigray,user,spotify:user:kolbigray,FALSE,null,album,https://open.spotify.com/artist/7BxJEL8I7OoAMGyPWn1cPS,https://api.spotify.com/v1/artists/7BxJEL8I7OoAMGyPWn1cPS,7BxJEL8I7OoAMGyPWn1cPS,Ivan Ave,artist,spotify:artist:7BxJEL8I7OoAMGyPWn1cPS,https://open.spotify.com/album/5NSS4gGOmFuyvrCJQLtNTN,https://api.spotify.com/v1/albums/5NSS4gGOmFuyvrCJQLtNTN,5NSS4gGOmFuyvrCJQLtNTN,640,https://i.scdn.co/image/ab67616d0000b273ae4a2631d1489e87ae04b4bb,640,Low Jams,9/19/14,day,10,album,spotify:album:5NSS4gGOmFuyvrCJQLtNTN,https://open.spotify.com/artist/7BxJEL8I7OoAMGyPWn1cPS,https://api.spotify.com/v1/artists/7BxJEL8I7OoAMGyPWn1cPS,7BxJEL8I7OoAMGyPWn1cPS,Ivan Ave,artist,spotify:artist:7BxJEL8I7OoAMGyPWn1cPS,1,207850,FALSE,FALSE,DESY21400078,https://open.spotify.com/track/6p4U70eJBwtp4FC2RpxaED,https://api.spotify.com/v1/tracks/6p4U70eJBwtp4FC2RpxaED,6p4U70eJBwtp4FC2RpxaED,FALSE,TRUE,Find Me,13,https://p.scdn.co/mp3-preview/cd623ca1133e60213d725a8e803e6cdc6a49fe0c?cid=774b29d4f13844c495f206cafdad9c86,TRUE,4,track,spotify:track:6p4U70eJBwtp4FC2RpxaED,0.693,0.643,6,-7.631,0,0.177,0.837,0.000228,0.101,0.531,85.966,audio_features,6p4U70eJBwtp4FC2RpxaED,spotify:track:6p4U70eJBwtp4FC2RpxaED,https://api.spotify.com/v1/tracks/6p4U70eJBwtp4FC2RpxaED,https://api.spotify.com/v1/audio-analysis/6p4U70eJBwtp4FC2RpxaED,207851,4
,2021-07-09T19:57:25Z,https://open.spotify.com/user/kolbigray,https://api.spotify.com/v1/users/kolbigray,kolbigray,user,spotify:user:kolbigray,FALSE,null,single,https://open.spotify.com/artist/1y71H4hNtnHG7LeU1Y47FO,https://api.spotify.com/v1/artists/1y71H4hNtnHG7LeU1Y47FO,1y71H4hNtnHG7LeU1Y47FO,Mr Jukes,artist,spotify:artist:1y71H4hNtnHG7LeU1Y47FO,https://open.spotify.com/album/1FXSfllBRTxOB0Q1Cpvvdt,https://api.spotify.com/v1/albums/1FXSfllBRTxOB0Q1Cpvvdt,1FXSfllBRTxOB0Q1Cpvvdt,640,https://i.scdn.co/image/ab67616d0000b2732589a8fc916b75cbcb7d7d2d,640,Vibrate,5/10/21,day,2,album,spotify:album:1FXSfllBRTxOB0Q1Cpvvdt,https://open.spotify.com/artist/1y71H4hNtnHG7LeU1Y47FO,https://api.spotify.com/v1/artists/1y71H4hNtnHG7LeU1Y47FO,1y71H4hNtnHG7LeU1Y47FO,Mr Jukes,artist,spotify:artist:1y71H4hNtnHG7LeU1Y47FO,1,174706,FALSE,FALSE,GB2DY2100108,https://open.spotify.com/track/41i2QOi2bnmw2m0AgAktyx,https://api.spotify.com/v1/tracks/41i2QOi2bnmw2m0AgAktyx,41i2QOi2bnmw2m0AgAktyx,FALSE,TRUE,Vibrate,41,https://p.scdn.co/mp3-preview/deb83873d39d2dc7ffe45c23c92e9e514e838a8b?cid=774b29d4f13844c495f206cafdad9c86,TRUE,1,track,spotify:track:41i2QOi2bnmw2m0AgAktyx,0.752,0.678,8,-5.67,0,0.0765,0.698,0.00193,0.175,0.801,94.995,audio_features,41i2QOi2bnmw2m0AgAktyx,spotify:track:41i2QOi2bnmw2m0AgAktyx,https://api.spotify.com/v1/tracks/41i2QOi2bnmw2m0AgAktyx,https://api.spotify.com/v1/audio-analysis/41i2QOi2bnmw2m0AgAktyx,174707,4
,2021-07-09T19:57:11Z,https://open.spotify.com/user/kolbigray,https://api.spotify.com/v1/users/kolbigray,kolbigray,user,spotify:user:kolbigray,FALSE,null,album,https://open.spotify.com/artist/47t8FTcFhv1R6JxDoxnTJI,https://api.spotify.com/v1/artists/47t8FTcFhv1R6JxDoxnTJI,47t8FTcFhv1R6JxDoxnTJI,Lyric Jones,artist,spotify:artist:47t8FTcFhv1R6JxDoxnTJI,https://open.spotify.com/album/3ecFMBYpXW2H02GeD36FOV,https://api.spotify.com/v1/albums/3ecFMBYpXW2H02GeD36FOV,3ecFMBYpXW2H02GeD36FOV,640,https://i.scdn.co/image/ab67616d0000b2738fa8cc4c66c777f02812314d,640,Closer Than They Appear,10/27/20,day,9,album,spotify:album:3ecFMBYpXW2H02GeD36FOV,https://open.spotify.com/artist/47t8FTcFhv1R6JxDoxnTJI,https://api.spotify.com/v1/artists/47t8FTcFhv1R6JxDoxnTJI,47t8FTcFhv1R6JxDoxnTJI,Lyric Jones,artist,spotify:artist:47t8FTcFhv1R6JxDoxnTJI,1,175539,FALSE,TRUE,USUYG1330454,https://open.spotify.com/track/4ncNncbe1qYdD7lxmhVTlA,https://api.spotify.com/v1/tracks/4ncNncbe1qYdD7lxmhVTlA,4ncNncbe1qYdD7lxmhVTlA,FALSE,TRUE,Show You How (feat. VIC MENSA),24,https://p.scdn.co/mp3-preview/dc6b5118c8abe5eff7867c0ad169d5a23296137b?cid=774b29d4f13844c495f206cafdad9c86,TRUE,5,track,spotify:track:4ncNncbe1qYdD7lxmhVTlA,0.785,0.611,11,-7.831,0,0.165,0.34,0.00639,0.163,0.271,109.747,audio_features,4ncNncbe1qYdD7lxmhVTlA,spotify:track:4ncNncbe1qYdD7lxmhVTlA,https://api.spotify.com/v1/tracks/4ncNncbe1qYdD7lxmhVTlA,https://api.spotify.com/v1/audio-analysis/4ncNncbe1qYdD7lxmhVTlA,175540,4
,2021-07-28T16:36:04Z,https://open.spotify.com/user/kolbigray,https://api.spotify.com/v1/users/kolbigray,kolbigray,user,spotify:user:kolbigray,FALSE,null,album,https://open.spotify.com/artist/2jQ6wRQ7yP1UrctodeuYQP,https://api.spotify.com/v1/artists/2jQ6wRQ7yP1UrctodeuYQP,2jQ6wRQ7yP1UrctodeuYQP,Butcher Brown,artist,spotify:artist:2jQ6wRQ7yP1UrctodeuYQP,https://open.spotify.com/album/23js59rTJqU8GyiKomh7k0,https://api.spotify.com/v1/albums/23js59rTJqU8GyiKomh7k0,23js59rTJqU8GyiKomh7k0,640,https://i.scdn.co/image/ab67616d0000b2732d97569bfa4c3ba3c09839d2,640,#KingButch,9/18/20,day,13,album,spotify:album:23js59rTJqU8GyiKomh7k0,https://open.spotify.com/artist/2jQ6wRQ7yP1UrctodeuYQP,https://api.spotify.com/v1/artists/2jQ6wRQ7yP1UrctodeuYQP,2jQ6wRQ7yP1UrctodeuYQP,Butcher Brown,artist,spotify:artist:2jQ6wRQ7yP1UrctodeuYQP,1,159853,FALSE,TRUE,USC4R2006662,https://open.spotify.com/track/6WO6IQ7E1aN645RImaQrW6,https://api.spotify.com/v1/tracks/6WO6IQ7E1aN645RImaQrW6,6WO6IQ7E1aN645RImaQrW6,FALSE,TRUE,Gum In My Mouth,39,https://p.scdn.co/mp3-preview/44954052716736e678f50ea580cb01cc23a80e66?cid=774b29d4f13844c495f206cafdad9c86,TRUE,5,track,spotify:track:6WO6IQ7E1aN645RImaQrW6,0.596,0.753,8,-7.801,1,0.336,0.0688,0.00157,0.112,0.613,132.773,audio_features,6WO6IQ7E1aN645RImaQrW6,spotify:track:6WO6IQ7E1aN645RImaQrW6,https://api.spotify.com/v1/tracks/6WO6IQ7E1aN645RImaQrW6,https://api.spotify.com/v1/audio-analysis/6WO6IQ7E1aN645RImaQrW6,159853,4
,2021-07-28T16:35:22Z,https://open.spotify.com/user/kolbigray,https://api.spotify.com/v1/users/kolbigray,kolbigray,user,spotify:user:kolbigray,FALSE,null,album,https://open.spotify.com/artist/6tUJpYN2aYiXbzAcg0pIOo,https://api.spotify.com/v1/artists/6tUJpYN2aYiXbzAcg0pIOo,6tUJpYN2aYiXbzAcg0pIOo,Sinead Harnett,artist,spotify:artist:6tUJpYN2aYiXbzAcg0pIOo,https://open.spotify.com/album/5qhT4VwBKqLS3dUqRgBK0g,https://api.spotify.com/v1/albums/5qhT4VwBKqLS3dUqRgBK0g,5qhT4VwBKqLS3dUqRgBK0g,640,https://i.scdn.co/image/ab67616d0000b2731b546f485166c6080ac4e6d7,640,Ready is Always Too Late,5/21/21,day,11,album,spotify:album:5qhT4VwBKqLS3dUqRgBK0g,https://open.spotify.com/artist/6tUJpYN2aYiXbzAcg0pIOo,https://api.spotify.com/v1/artists/6tUJpYN2aYiXbzAcg0pIOo,6tUJpYN2aYiXbzAcg0pIOo,Sinead Harnett,artist,spotify:artist:6tUJpYN2aYiXbzAcg0pIOo,1,196786,FALSE,FALSE,QM4TX2114765,https://open.spotify.com/track/1RoMaS8tLOyCGpTzJvP4vS,https://api.spotify.com/v1/tracks/1RoMaS8tLOyCGpTzJvP4vS,1RoMaS8tLOyCGpTzJvP4vS,FALSE,TRUE,Anymore (feat. Lucky Daye),54,https://p.scdn.co/mp3-preview/89a9a6660eb04000a4d354bc5045c0985e5fbab4?cid=774b29d4f13844c495f206cafdad9c86,TRUE,5,track,spotify:track:1RoMaS8tLOyCGpTzJvP4vS,0.321,0.321,8,-11.496,1,0.0468,0.581,0,0.245,0.257,86.515,audio_features,1RoMaS8tLOyCGpTzJvP4vS,spotify:track:1RoMaS8tLOyCGpTzJvP4vS,https://api.spotify.com/v1/tracks/1RoMaS8tLOyCGpTzJvP4vS,https://api.spotify.com/v1/audio-analysis/1RoMaS8tLOyCGpTzJvP4vS,196787,3
,2021-07-28T16:34:31Z,https://open.spotify.com/user/kolbigray,https://api.spotify.com/v1/users/kolbigray,kolbigray,user,spotify:user:kolbigray,FALSE,null,single,https://open.spotify.com/artist/6O5k8LLRfDK8v9jj1GazAQ,https://api.spotify.com/v1/artists/6O5k8LLRfDK8v9jj1GazAQ,6O5k8LLRfDK8v9jj1GazAQ,Nubya Garcia,artist,spotify:artist:6O5k8LLRfDK8v9jj1GazAQ,https://open.spotify.com/album/7viQabSxAoUHAdMngSKS0N,https://api.spotify.com/v1/albums/7viQabSxAoUHAdMngSKS0N,7viQabSxAoUHAdMngSKS0N,640,https://i.scdn.co/image/ab67616d0000b2731588b3f5664e4a3d08eb1325,640,The Message Continues (Mark de Clive-Lowe Remix),2/5/21,day,1,album,spotify:album:7viQabSxAoUHAdMngSKS0N,https://open.spotify.com/artist/6O5k8LLRfDK8v9jj1GazAQ,https://api.spotify.com/v1/artists/6O5k8LLRfDK8v9jj1GazAQ,6O5k8LLRfDK8v9jj1GazAQ,Nubya Garcia,artist,spotify:artist:6O5k8LLRfDK8v9jj1GazAQ,1,369585,FALSE,FALSE,USC4R2006781,https://open.spotify.com/track/4kyzWwDs6Pumurfu3fIM01,https://api.spotify.com/v1/tracks/4kyzWwDs6Pumurfu3fIM01,4kyzWwDs6Pumurfu3fIM01,FALSE,TRUE,The Message Continues - Mark de Clive-Lowe Remix,39,https://p.scdn.co/mp3-preview/49fb020f56fa42dc789ed8de7b5ac26df196703d?cid=774b29d4f13844c495f206cafdad9c86,TRUE,1,track,spotify:track:4kyzWwDs6Pumurfu3fIM01,0.653,0.832,5,-6.019,0,0.0402,0.0045,0.831,0.115,0.499,124.049,audio_features,4kyzWwDs6Pumurfu3fIM01,spotify:track:4kyzWwDs6Pumurfu3fIM01,https://api.spotify.com/v1/tracks/4kyzWwDs6Pumurfu3fIM01,https://api.spotify.com/v1/audio-analysis/4kyzWwDs6Pumurfu3fIM01,369585,4
,2021-07-28T16:33:34Z,https://open.spotify.com/user/kolbigray,https://api.spotify.com/v1/users/kolbigray,kolbigray,user,spotify:user:kolbigray,FALSE,null,album,https://open.spotify.com/artist/1YLsqPcFg1rj7VvhfwnDWm,https://api.spotify.com/v1/artists/1YLsqPcFg1rj7VvhfwnDWm,1YLsqPcFg1rj7VvhfwnDWm,Rufus & Chaka Khan,artist,spotify:artist:1YLsqPcFg1rj7VvhfwnDWm,https://open.spotify.com/album/603zOEkZnV5xw6DbXqAI12,https://api.spotify.com/v1/albums/603zOEkZnV5xw6DbXqAI12,603zOEkZnV5xw6DbXqAI12,640,https://i.scdn.co/image/ab67616d0000b27395607ebfcc3da418c580fa4e,640,Rufusized,1/1/74,day,10,album,spotify:album:603zOEkZnV5xw6DbXqAI12,https://open.spotify.com/artist/3MCjwjfIor5FkK3h639qkW,https://api.spotify.com/v1/artists/3MCjwjfIor5FkK3h639qkW,3MCjwjfIor5FkK3h639qkW,Rufus,artist,spotify:artist:3MCjwjfIor5FkK3h639qkW,1,293600,FALSE,FALSE,USMC10110990,https://open.spotify.com/track/3ywjn8ObFZZslAGmfpWS2U,https://api.spotify.com/v1/tracks/3ywjn8ObFZZslAGmfpWS2U,3ywjn8ObFZZslAGmfpWS2U,FALSE,TRUE,Stop On By,33,https://p.scdn.co/mp3-preview/f116e8f2686915019988f6c21136d3e34a39ee4f?cid=774b29d4f13844c495f206cafdad9c86,TRUE,10,track,spotify:track:3ywjn8ObFZZslAGmfpWS2U,0.615,0.431,7,-13.976,1,0.0462,0.0403,0.000128,0.0573,0.594,93.543,audio_features,3ywjn8ObFZZslAGmfpWS2U,spotify:track:3ywjn8ObFZZslAGmfpWS2U,https://api.spotify.com/v1/tracks/3ywjn8ObFZZslAGmfpWS2U,https://api.spotify.com/v1/audio-analysis/3ywjn8ObFZZslAGmfpWS2U,293600,4